Adaugă Utilizator,2024-09-05 18:03:22
Afișează Utilizatori,2024-09-05 18:03:27
Actualizează Utilizator,2024-09-05 18:03:51
Șterge Utilizator,2024-09-05 18:03:57
Afișează Utilizatori,2024-09-05 18:03:58
Adaugă Utilizator,2024-09-05 18:05:40
Afișează Utilizatori,2024-09-05 18:05:42
Adaugă Produs,2024-09-05 18:06:22
Afișează Produse,2024-09-05 18:06:29
Afișează Utilizatori,2024-09-05 18:13:41
Afișează Utilizatori,2024-09-05 18:16:50
Șterge Utilizator,2024-09-05 18:17:00
Adaugă Utilizator,2024-09-05 18:17:07
Afișează Utilizatori,2024-09-05 18:17:31
Adaugă Produs,2024-09-05 18:25:16
Afișează Produse,2024-09-05 18:25:19
Adaugă Coș de Cumpărături,2024-09-05 18:25:45
Afișează Coșuri de Cumpărături,2024-09-05 18:25:49
Adaugă Produs la Coș,2024-09-05 18:36:13
Afișează Coșuri de Cumpărături,2024-09-05 18:36:17
Adaugă Produs la Coș,2024-09-05 18:36:41
Afișează Coșuri de Cumpărături,2024-09-05 18:36:47
Afișează Utilizatori,2024-09-05 18:51:57
Afișează Produse,2024-09-05 18:52:05
Adaugă Produs la Coș,2024-09-05 18:52:29
Afișează Coșuri de Cumpărături,2024-09-05 18:52:42
Afiseaza Utilizatori,2024-09-05 21:12:07
Adauga Comanda,2024-09-05 21:13:12
Adauga Comanda,2024-09-05 21:17:39
Afiseaza Comenzi,2024-09-05 21:17:44
Actualizeaza Comanda,2024-09-05 21:18:38
Afiseaza Comenzi,2024-09-05 21:18:45
Adauga Recenzie,2024-09-05 21:19:09
Adauga Recenzie,2024-09-05 21:27:45
Afiseaza Recenzii,2024-09-05 21:27:48
Afiseaza Utilizatori,2024-09-05 21:33:03
Afiseaza Recenzii,2024-09-05 21:33:14
